------------------V5.0.0---------------------
/*
--CENTRO DE SOLUCIONES DE GESTIÓN		----
--Subdirección de tecnología			----
--										----
--SCRIPT de INSTALACION de DATOS INICIALES 	----
--										----
*/
----------------------------------------
--------------------------------------------------------------------------------------------
/*
--Reglas de confidencialidad																----
--Clasificación: Clasificado.																----
--Forma de distribución: Script SQL.														----
--Este documento contiene información propietaria del CENTRO DE SOLUCIONES DE GESTIÓN 		----
--y es emitido confidencialmente para un propósito específico. 								----
--El que recibe el documento asume la custodia y control, comprometiéndose a no reproducir, ----
--divulgar, difundir o de cualquier manera hacer de conocimiento público su contenido, 		----
--excepto para cumplir el propósito para el cual se ha generado.							----
--Las reglas son aplicables a todo este documento.											----
*/																							
------------------------------------------------------------------------------------------------

--comienza la tranzaccion--
begin;
-- Propiedades de la BD       
	SET client_encoding = 'UTF8';
	SET standard_conforming_strings = off;
	SET check_function_bodies = false;
	SET client_min_messages = warning;
	SET escape_string_warning = off;

	
INSERT INTO mod_datosmaestros.conf_version ( versionscript,  versionscriptinicial,  esquema,  esquemarelacion,  tiposcript,  classcript,  script) 
VALUES ('V5.0.0', 'V5.0.0','mod_estructuracomp',null,'I','D','I');
---------------------------------------------------------------------------------------------------------------------------
--Datos del esquema mod_estructuracomp
---------------------------------------------------------------------------------------------------------------------------	
SET search_path = mod_estructuracomp, pg_catalog;

----------------------------------------
INSERT INTO nom_nomencladoreavestruc (idnomeav, nombre, fechaini, fechafin, root, concepto, externa) VALUES (1, 'Nivel 1', '2009-01-01', '3000-08-05', B'1', 0, 2);
INSERT INTO nom_nomencladoreavestruc (idnomeav, nombre, fechaini, fechafin, root, concepto, externa) VALUES (3, 'Entidad', '2009-01-01', '3000-05-08', B'0', 0, 2);
INSERT INTO nom_nomencladoreavestruc (idnomeav, nombre, fechaini, fechafin, root, concepto, externa) VALUES (6, 'Unidad', '2009-01-01', '3000-05-08', B'0', 1, 2);
INSERT INTO nom_nomencladoreavestruc (idnomeav, nombre, fechaini, fechafin, root, concepto, externa) VALUES (7, 'Área', '2009-01-01', '3000-05-08', B'1', 0, 1);
INSERT INTO nom_nomencladoreavestruc (idnomeav, nombre, fechaini, fechafin, root, concepto, externa) VALUES (8, 'Estructura no Formal', '2009-01-01', '3000-05-08', B'1', 0, 1);
INSERT INTO nom_nomencladoreavestruc (idnomeav, nombre, fechaini, fechafin, root, concepto, externa) VALUES (2, 'Agrupación', '2009-01-01', '3000-05-08', B'1', 0, 2);
----------------------------------------
INSERT INTO nom_campoestruc (idcampo, idnomeav, nombre, tipo, longitud, nombre_mostrar, regex, descripcion, tipocampo, visible) VALUES (46,7,'nombre','text',20,'Nombre común',NULL,'campo para poner el nombre común del área.','textfield', 1);
INSERT INTO nom_campoestruc (idcampo, idnomeav, nombre, tipo, longitud, nombre_mostrar, regex, descripcion, tipocampo, visible) VALUES (56,6,'nombre','text',50,'Nombre común',NULL,'nombre comun por el cual se conoce la unidad.','textfield',1);
INSERT INTO nom_campoestruc (idcampo, idnomeav, nombre, tipo, longitud, nombre_mostrar, regex, descripcion, tipocampo, visible) VALUES (57,2,'Categoria','text',5,'Categoría',NULL,'categoría de la agrupación','combo',1);
INSERT INTO nom_campoestruc (idcampo, idnomeav, nombre, tipo, longitud, nombre_mostrar, regex, descripcion, tipocampo, visible) VALUES (60,6,'Telefpizarra','integer',20,'Telef pizarra','/^-?\\d*$/','Teléfono de la pizarra','textfield',1);
INSERT INTO nom_campoestruc (idcampo, idnomeav, nombre, tipo, longitud, nombre_mostrar, regex, descripcion, tipocampo, visible) VALUES (61,6,'FAX','integer',20,'Fax','/^-?\\d*$/','fax de la unidad','textfield',1);
INSERT INTO nom_campoestruc (idcampo, idnomeav, nombre, tipo, longitud, nombre_mostrar, regex, descripcion, tipocampo, visible) VALUES (62,6,'Codigoa','integer',20,'Código interno','/^-?\\d*$/','código interno de la unidad.','textfield',1);
INSERT INTO nom_campoestruc (idcampo, idnomeav, nombre, tipo, longitud, nombre_mostrar, regex, descripcion, tipocampo, visible) VALUES (64,6,'localidad','text',20,'Localidad',NULL,'localidad a la cual pertenece la unidad.','textfield', 1);
INSERT INTO nom_campoestruc (idcampo, idnomeav, nombre, tipo, longitud, nombre_mostrar, regex, descripcion, tipocampo, visible) VALUES (65,6,'Domicilio','text',100,'Domicilio',NULL,'direccion exacta de la unidad','textfield', 1);
INSERT INTO nom_campoestruc (idcampo, idnomeav, nombre, tipo, longitud, nombre_mostrar, regex, descripcion, tipocampo, visible) VALUES (67,3,'nombre','text',50,'Nombre común','','este es el nombre común de la entidad','textfield', 1);
INSERT INTO nom_campoestruc (idcampo, idnomeav, nombre, tipo, longitud, nombre_mostrar, regex, descripcion, tipocampo, visible) VALUES (68,3,'categoria','text',6,'Categoría',NULL,'categoría de las e ntidades','combo',1);
INSERT INTO nom_campoestruc (idcampo, idnomeav, nombre, tipo, longitud, nombre_mostrar, regex, descripcion, tipocampo, visible) VALUES (69,3,'codigoInterno','integer',8,'Código interno','/^-?\\d*$/','codigo interno de la entidad','textfield', 1);
INSERT INTO nom_campoestruc (idcampo, idnomeav, nombre, tipo, longitud, nombre_mostrar, regex, descripcion, tipocampo, visible) VALUES (71,3,'registrocomercial','integer',20,'Registro comercial.','/^-?\\d*$/','registo comercial de la entidad','textfield', 1);
INSERT INTO nom_campoestruc (idcampo, idnomeav, nombre, tipo, longitud, nombre_mostrar, regex, descripcion, tipocampo, visible) VALUES (72,3,'registromercantil','integer',20,'Registro mercantil','/^-?\\d*$/','registro mercantil de la entidad.','textfield',1);
INSERT INTO nom_campoestruc (idcampo, idnomeav, nombre, tipo, longitud, nombre_mostrar, regex, descripcion, tipocampo, visible) VALUES (73,3,'registroonat','integer',20,'Registro ONAT','/^-?\\d*$/','codigo que asigna la oficina de la ONAT a las entidades','textfield',1);
INSERT INTO nom_campoestruc (idcampo, idnomeav, nombre, tipo, longitud, nombre_mostrar, regex, descripcion, tipocampo, visible) VALUES (74,3,'actividadeconomica','text',30,'Actividad económica',NULL,'Actividad económica de las entidades que puede ser (Empresarial o Presupuestada).','combo',1);
INSERT INTO nom_campoestruc (idcampo, idnomeav, nombre, tipo, longitud, nombre_mostrar, regex, descripcion, tipocampo, visible) VALUES (75,3,'perfeccionamiento','text',5,'Perfeccionamiento empresarial',NULL,'dice si la empresa esta en Perfeccionamiento empresarial (Si o No).','combo', 1);
INSERT INTO nom_campoestruc (idcampo, idnomeav, nombre, tipo, longitud, nombre_mostrar, regex, descripcion, tipocampo, visible)VALUES  (76,3,'pagoadicional','text',5,'Aplicación del  pago adicional',NULL,'Aplicación del  pago adicional del perfeccionamiento (Si o No).','combo', 1);
INSERT INTO nom_campoestruc (idcampo, idnomeav, nombre, tipo, longitud, nombre_mostrar, regex, descripcion, tipocampo, visible)VALUES  (77,6,'telefdir','integer',10,'Teléfono dirección','/^-?\\d*$/','Teléfono direccion','textfield', 1);
INSERT INTO nom_campoestruc (idcampo, idnomeav, nombre, tipo, longitud, nombre_mostrar, regex, descripcion, tipocampo, visible)VALUES  (78,6,'email','correo',250,'E-mail','/^([a-zA-Z0-9_.-])+@(([a-zA-Z0-9-])+.)+([a-zA-Z0-9]{2,4})+$/','correo de la unidad','textfield', 1);
INSERT INTO nom_campoestruc (idcampo, idnomeav, nombre, tipo, longitud, nombre_mostrar, regex, descripcion, tipocampo, visible)VALUES  (79,7,'codigoi','integer',10,'Código interno','/^-?\\d*$/','código interno de la unidad','textfield', 1);
----------------------------------------
----------------------------------------
INSERT INTO nom_valor_defecto (idvalordefecto, valorid, valor, idcampo, version) VALUES (66,'I','I',68,0);
INSERT INTO nom_valor_defecto (idvalordefecto, valorid, valor, idcampo, version) VALUES (67,'II','II',68,0);
INSERT INTO nom_valor_defecto (idvalordefecto, valorid, valor, idcampo, version) VALUES (68,'III','III',68,0);
INSERT INTO nom_valor_defecto (idvalordefecto, valorid, valor, idcampo, version) VALUES (69,'IV','IV',68,0);
INSERT INTO nom_valor_defecto (idvalordefecto, valorid, valor, idcampo, version) VALUES (70,'V','V',68,0);
INSERT INTO nom_valor_defecto (idvalordefecto, valorid, valor, idcampo, version) VALUES (96,'Empresarial','Empresarial',74,0);
INSERT INTO nom_valor_defecto (idvalordefecto, valorid, valor, idcampo, version) VALUES (97,'Presupuestada','Presupuestada',74,0);
INSERT INTO nom_valor_defecto (idvalordefecto, valorid, valor, idcampo, version) VALUES (106,'Si','Si',76,0);
INSERT INTO nom_valor_defecto (idvalordefecto, valorid, valor, idcampo, version) VALUES (107,'No','No',76,0);
INSERT INTO nom_valor_defecto (idvalordefecto, valorid, valor, idcampo, version) VALUES (108,'I','I',57,0);
INSERT INTO nom_valor_defecto (idvalordefecto, valorid, valor, idcampo, version) VALUES (109,'II','II',57,0);
INSERT INTO nom_valor_defecto (idvalordefecto, valorid, valor, idcampo, version) VALUES (110,'III','III',57,0);
INSERT INTO nom_valor_defecto (idvalordefecto, valorid, valor, idcampo, version) VALUES (111,'IV','IV',57,0);
INSERT INTO nom_valor_defecto (idvalordefecto, valorid, valor, idcampo, version) VALUES (112,'V','V',57,0);
INSERT INTO nom_valor_defecto (idvalordefecto, valorid, valor, idcampo, version) VALUES (113,'Si','Si',75,0);
INSERT INTO nom_valor_defecto (idvalordefecto, valorid, valor, idcampo, version) VALUES (114,'No','No',75,0);
----------------------------------------
INSERT INTO nom_aristaeav (idorigen, iddestino) VALUES (1, 2);
INSERT INTO nom_aristaeav (idorigen, iddestino) VALUES (1, 3);
INSERT INTO nom_aristaeav (idorigen, iddestino) VALUES (1, 6);
INSERT INTO nom_aristaeav (idorigen, iddestino) VALUES (3, 6);
INSERT INTO nom_aristaeav (idorigen, iddestino) VALUES (6, 7);
INSERT INTO nom_aristaeav (idorigen, iddestino) VALUES (7, 7);
INSERT INTO nom_aristaeav (idorigen, iddestino) VALUES (7, 8);
INSERT INTO nom_aristaeav (idorigen, iddestino) VALUES (8, 8);
INSERT INTO nom_aristaeav (idorigen, iddestino) VALUES (2, 3);
INSERT INTO nom_aristaeav (idorigen, iddestino) VALUES (3, 8);
INSERT INTO nom_aristaeav (idorigen, iddestino) VALUES (3, 7);
INSERT INTO nom_aristaeav (idorigen, iddestino) VALUES (1, 7);
INSERT INTO nom_aristaeav (idorigen, iddestino) VALUES (2, 7);
----------------------------------------
INSERT INTO nom_dominio (iddominio, denominacion, dominio, dominiostring, descripcion, seguridad, idpadre) VALUES (1, 'Dominio de instalación', NULL, '100000001', '', 1, 1);
----------------------------------------
INSERT INTO nom_prefijo (idprefijo, prefijo, desclugar, fechaini, fechafin, orden) VALUES (1000, 'Ninguno', 'Descripción de ninguno', '2009-01-01', NULL, 1);
----------------------------------------
INSERT INTO nom_nivelestr (idnivelestr, abrevnivelestr, dennivelestr, orden, fechaini, fechafin) VALUES (1001, 'N2', 'Nivel 2', 6, '2009-01-01', '2300-12-30');
INSERT INTO nom_nivelestr (idnivelestr, abrevnivelestr, dennivelestr, orden, fechaini, fechafin) VALUES (1002, 'N3', 'Nivel 3', 7, '2009-01-01', '2300-12-30');
INSERT INTO nom_nivelestr (idnivelestr, abrevnivelestr, dennivelestr, orden, fechaini, fechafin) VALUES (1003, 'N4', 'Nivel 4', 8, '2009-01-01', '2300-12-30');
INSERT INTO nom_nivelestr (idnivelestr, abrevnivelestr, dennivelestr, orden, fechaini, fechafin) VALUES (1000, 'N1', 'Nivel 1', 5, '2009-01-01', '2300-12-30');
INSERT INTO nom_nivelestr (idnivelestr, abrevnivelestr, dennivelestr, orden, fechaini, fechafin) VALUES (1004, 'N5', 'Nivel 5', 9, '2009-01-01', '2300-12-30');
INSERT INTO nom_nivelestr (idnivelestr, abrevnivelestr, dennivelestr, orden, fechaini, fechafin) VALUES (1005, 'N6', 'Nivel 6', 10, '2009-01-01', '2300-12-30');
INSERT INTO nom_nivelestr (idnivelestr, abrevnivelestr, dennivelestr, orden, fechaini, fechafin) VALUES (1006, 'N7', 'Nivel 7', 10, '2009-01-01', '2300-12-30');
INSERT INTO nom_nivelestr (idnivelestr, abrevnivelestr, dennivelestr, orden, fechaini, fechafin) VALUES (1007, 'N8', 'Nivel 8', 11, '2009-01-01', '2300-12-30');
----------------------------------------
INSERT INTO nom_organo (idorgano, idnivelestr, idespecialidad, denorgano, abrevorgano, orden, fechaini, fechafin, idnomeav) VALUES (1010, 1005, 1, 'Subdirección', 'Subdirec', 6, '2009-01-01', '2300-12-30', 7);
INSERT INTO nom_organo (idorgano, idnivelestr, idespecialidad, denorgano, abrevorgano, orden, fechaini, fechafin, idnomeav) VALUES (1011, 1005, 1, 'Departamento', 'Dpto', 6, '2009-01-01', '2300-12-30', 7);
INSERT INTO nom_organo (idorgano, idnivelestr, idespecialidad, denorgano, abrevorgano, orden, fechaini, fechafin, idnomeav) VALUES (1012, 1005, 1, 'Grupos', 'Grupo', 6, '2009-01-01', '2300-12-30', 7);
INSERT INTO nom_organo (idorgano, idnivelestr, idespecialidad, denorgano, abrevorgano, orden, fechaini, fechafin, idnomeav) VALUES (1013, 1006, 1, 'Sección', 'Sec', 7, '2009-01-01', '2300-12-30', 7);
INSERT INTO nom_organo (idorgano, idnivelestr, idespecialidad, denorgano, abrevorgano, orden, fechaini, fechafin, idnomeav) VALUES (1014, 1007, 1, 'Brigada', 'Brigada', 7, '2009-01-01', '2300-12-30', 7);
INSERT INTO nom_organo (idorgano, idnivelestr, idespecialidad, denorgano, abrevorgano, orden, fechaini, fechafin, idnomeav) VALUES (1006, 1004, 1, 'Dirección', 'Dirección', 5, '2009-01-01', '2300-12-30', 7);
INSERT INTO nom_organo (idorgano, idnivelestr, idespecialidad, denorgano, abrevorgano, orden, fechaini, fechafin, idnomeav) VALUES (1015, 1000, 1, 'Entridad Nacional', 'EN', 1, '2009-01-01', '2300-12-30', 1);
INSERT INTO nom_organo (idorgano, idnivelestr, idespecialidad, denorgano, abrevorgano, orden, fechaini, fechafin, idnomeav) VALUES (1000, 1000, 1, 'Ninguno', 'Ng', 1, '2009-01-01', NULL, 1);
INSERT INTO nom_organo (idorgano, idnivelestr, idespecialidad, denorgano, abrevorgano, orden, fechaini, fechafin, idnomeav) VALUES (1009, 1001, 1, 'Grupo Empresarial', 'GE', 2, '2009-01-01', '2300-12-30', 2);
INSERT INTO nom_organo (idorgano, idnivelestr, idespecialidad, denorgano, abrevorgano, orden, fechaini, fechafin, idnomeav) VALUES (1004, 1001, 1, 'Unión', 'Unión', 1, '2009-01-01', '2300-12-30', 2);
INSERT INTO nom_organo (idorgano, idnivelestr, idespecialidad, denorgano, abrevorgano, orden, fechaini, fechafin, idnomeav) VALUES (1002, 1000, 1, 'Ministerio', 'OACE', 1, '2009-01-01', '2300-12-30', 1);
INSERT INTO nom_organo (idorgano, idnivelestr, idespecialidad, denorgano, abrevorgano, orden, fechaini, fechafin, idnomeav) VALUES (1005, 1002, 1, 'Entidades', 'Entidades', 3, '2009-01-01', '2300-12-30', 3);
INSERT INTO nom_organo (idorgano, idnivelestr, idespecialidad, denorgano, abrevorgano, orden, fechaini, fechafin, idnomeav) VALUES (1007, 1003, 1, 'Unidad', 'Unidad', 4, '2009-01-01', '2300-12-30', 6);
----------------------------------------
INSERT INTO nom_nivel_utilizacion (idnivelutilizacion, denominacion, abreviatura, orden, fechaini, fechafin) VALUES (1000, 'Organismos de la Administración Central del Estado', 'OACE', 1, '2009-01-01', '2300-12-30');
INSERT INTO nom_nivel_utilizacion (idnivelutilizacion, denominacion, abreviatura, orden, fechaini, fechafin) VALUES (1001, 'Consejo de la Administración Provincial', 'CAP', 2, '2009-01-01', '2300-12-30');
INSERT INTO nom_nivel_utilizacion (idnivelutilizacion, denominacion, abreviatura, orden, fechaini, fechafin) VALUES (1004, 'Organización Superior de Dirección Empresarial', 'OSDE', 3, '2009-01-01', '2300-12-30');
INSERT INTO nom_nivel_utilizacion (idnivelutilizacion, denominacion, abreviatura, orden, fechaini, fechafin) VALUES (1005, 'Empresas', 'Empresas', 4, '2009-01-01', '2300-12-30');
INSERT INTO nom_nivel_utilizacion (idnivelutilizacion, denominacion, abreviatura, orden, fechaini, fechafin) VALUES (1006, 'General', 'General', 5, '2009-01-01', '2300-12-30');
----------------------------------------
INSERT INTO nom_escalasalarial (idescalasalarial, denominacion, abreviatura, fechaini, fechafin, orden) VALUES (1000, 'Escala Única', 'Única', '2009-01-01', '2300-12-30', 1);
INSERT INTO nom_escalasalarial (idescalasalarial, denominacion, abreviatura, fechaini, fechafin, orden) VALUES (1002, 'Escala del Ministerio de Salud pública', 'MINSAP', '2009-01-01', '2300-12-30', 2);
INSERT INTO nom_escalasalarial (idescalasalarial, denominacion, abreviatura, fechaini, fechafin, orden) VALUES (1003, 'Escala del Ministerio de Educación Superior', 'MES', '2009-01-01', '2300-12-30', 3);
INSERT INTO nom_escalasalarial (idescalasalarial, denominacion, abreviatura, fechaini, fechafin, orden) VALUES (1004, 'Escala del Ministerio de Educación', 'MINED', '2009-01-01', '2300-12-30', 4);
INSERT INTO nom_escalasalarial (idescalasalarial, denominacion, abreviatura, fechaini, fechafin, orden) VALUES (1005, 'Escala del Ministerio de las Fuerzas Armadas Revolucionarias', 'MINFAR', '2009-01-01', '2300-12-30', 5);
INSERT INTO nom_escalasalarial (idescalasalarial, denominacion, abreviatura, fechaini, fechafin, orden) VALUES (1006, 'Escala del Ministerio del Interior', 'MININT', '2009-01-01', '2300-12-30', 6);
INSERT INTO nom_escalasalarial (idescalasalarial, denominacion, abreviatura, fechaini, fechafin, orden) VALUES (1007, 'Nueva Escala', 'Nueva Escala', '2009-01-01', '2300-12-30', 7);
----------------------------------------
INSERT INTO nom_grupocomple (idgrupocomplejidad, denominacion, abreviatura, idescalasalarial, salarioescala, fechaini, fechafin, orden) VALUES (1000, ' I', ' I', 1000, 1, '2009-01-01', '2300-12-30', 1);
INSERT INTO nom_grupocomple (idgrupocomplejidad, denominacion, abreviatura, idescalasalarial, salarioescala, fechaini, fechafin, orden) VALUES (1001, 'II', 'II', 1000, 1, '2009-01-01', '2300-12-30', 2);
INSERT INTO nom_grupocomple (idgrupocomplejidad, denominacion, abreviatura, idescalasalarial, salarioescala, fechaini, fechafin, orden) VALUES (1003, 'III', 'III', 1000, 1, '2009-01-01', '2300-12-30', 3);
INSERT INTO nom_grupocomple (idgrupocomplejidad, denominacion, abreviatura, idescalasalarial, salarioescala, fechaini, fechafin, orden) VALUES (1004, 'IV', 'IV', 1000, 1, '2009-01-01', '2300-12-30', 4);
INSERT INTO nom_grupocomple (idgrupocomplejidad, denominacion, abreviatura, idescalasalarial, salarioescala, fechaini, fechafin, orden) VALUES (1005, ' V', ' V', 1000, 1, '2009-01-01', '2300-12-30', 5);
INSERT INTO nom_grupocomple (idgrupocomplejidad, denominacion, abreviatura, idescalasalarial, salarioescala, fechaini, fechafin, orden) VALUES (1006, 'VI', 'VI', 1000, 1, '2009-01-01', '2300-12-30', 6);
INSERT INTO nom_grupocomple (idgrupocomplejidad, denominacion, abreviatura, idescalasalarial, salarioescala, fechaini, fechafin, orden) VALUES (1008, 'IIX', 'IIX', 1000, 1, '2009-01-01', '2300-12-30', 8);
INSERT INTO nom_grupocomple (idgrupocomplejidad, denominacion, abreviatura, idescalasalarial, salarioescala, fechaini, fechafin, orden) VALUES (1009, 'IX', 'IX', 1000, 1, '2009-01-01', '2300-12-30', 9);
INSERT INTO nom_grupocomple (idgrupocomplejidad, denominacion, abreviatura, idescalasalarial, salarioescala, fechaini, fechafin, orden) VALUES (1010, ' X', ' X', 1000, 1, '2009-01-01', '2300-12-30', 10);
INSERT INTO nom_grupocomple (idgrupocomplejidad, denominacion, abreviatura, idescalasalarial, salarioescala, fechaini, fechafin, orden) VALUES (1018, 'XIII', 'XIII', 1000, 1, '2009-01-01', '2300-12-30', 13);
INSERT INTO nom_grupocomple (idgrupocomplejidad, denominacion, abreviatura, idescalasalarial, salarioescala, fechaini, fechafin, orden) VALUES (1019, 'XIV', 'XIV', 1000, 1, '2009-01-01', '2300-12-30', 14);
INSERT INTO nom_grupocomple (idgrupocomplejidad, denominacion, abreviatura, idescalasalarial, salarioescala, fechaini, fechafin, orden) VALUES (1020, 'XV', 'XV', 1000, 1, '2009-01-01', '2300-12-30', 15);
INSERT INTO nom_grupocomple (idgrupocomplejidad, denominacion, abreviatura, idescalasalarial, salarioescala, fechaini, fechafin, orden) VALUES (1021, 'XVI', 'XVI', 1000, 1, '2009-01-01', '2300-12-30', 16);
INSERT INTO nom_grupocomple (idgrupocomplejidad, denominacion, abreviatura, idescalasalarial, salarioescala, fechaini, fechafin, orden) VALUES (1022, 'XVII', 'XVII', 1000, 1, '2009-01-01', '2300-12-30', 17);
INSERT INTO nom_grupocomple (idgrupocomplejidad, denominacion, abreviatura, idescalasalarial, salarioescala, fechaini, fechafin, orden) VALUES (1007, 'VII', 'VII', 1000, 1, '2009-01-01', '2300-12-30', 7);
INSERT INTO nom_grupocomple (idgrupocomplejidad, denominacion, abreviatura, idescalasalarial, salarioescala, fechaini, fechafin, orden) VALUES (1016, 'XII', 'XII', 1000, 1, '2009-01-01', '2300-12-30', 12);
INSERT INTO nom_grupocomple (idgrupocomplejidad, denominacion, abreviatura, idescalasalarial, salarioescala, fechaini, fechafin, orden) VALUES (1013, 'XI', 'XI', 1000, 1, '2009-01-01', '2300-12-30', 11);
INSERT INTO nom_grupocomple (idgrupocomplejidad, denominacion, abreviatura, idescalasalarial, salarioescala, fechaini, fechafin, orden) VALUES (1026, 'XIIX', 'XIIX', 1000, 1, '2009-01-01', '2300-12-30', 18);
INSERT INTO nom_grupocomple (idgrupocomplejidad, denominacion, abreviatura, idescalasalarial, salarioescala, fechaini, fechafin, orden) VALUES (1027, 'XIX', 'XIX', 1000, 1, '2009-01-01', '2300-12-30', 19);
INSERT INTO nom_grupocomple (idgrupocomplejidad, denominacion, abreviatura, idescalasalarial, salarioescala, fechaini, fechafin, orden) VALUES (1028, 'XX', 'XX', 1000, 1, '2009-01-01', '2300-12-30', 20);
INSERT INTO nom_grupocomple (idgrupocomplejidad, denominacion, abreviatura, idescalasalarial, salarioescala, fechaini, fechafin, orden) VALUES (1029, 'XXI', 'XXI', 1000, 1, '2009-01-01', '2300-12-30', 21);
INSERT INTO nom_grupocomple (idgrupocomplejidad, denominacion, abreviatura, idescalasalarial, salarioescala, fechaini, fechafin, orden) VALUES (1030, 'XXII', 'XXII', 1000, 1, '2009-01-01', '2300-12-30', 22);
INSERT INTO nom_grupocomple (idgrupocomplejidad, denominacion, abreviatura, idescalasalarial, salarioescala, fechaini, fechafin, orden) VALUES (1031, 'XXIII', 'XXII', 1000, 1, '2009-01-01', '2300-12-30', 23);
INSERT INTO nom_grupocomple (idgrupocomplejidad, denominacion, abreviatura, idescalasalarial, salarioescala, fechaini, fechafin, orden) VALUES (1032, 'XXIV', 'XXIV', 1000, 1, '2009-01-01', '2300-12-30', 24);
INSERT INTO nom_grupocomple (idgrupocomplejidad, denominacion, abreviatura, idescalasalarial, salarioescala, fechaini, fechafin, orden) VALUES (1033, 'XXV', 'XXV', 1000, 1, '2009-01-01', '2300-12-30', 25);
----------------------------------------
INSERT INTO nom_salario (idsalario, idgrupocomplejidad, idescalasalarial, fechaini, fechafin, salario, tarifa, orden) VALUES (1000, 1000, 1000, '2009-01-01', '2300-12-30', 225.00, 1.23000, 1);
INSERT INTO nom_salario (idsalario, idgrupocomplejidad, idescalasalarial, fechaini, fechafin, salario, tarifa, orden) VALUES (1004, 1001, 1000, '2009-01-01', '2300-12-30', 235.00, 1.23000, 2);
INSERT INTO nom_salario (idsalario, idgrupocomplejidad, idescalasalarial, fechaini, fechafin, salario, tarifa, orden) VALUES (1007, 1003, 1000, '2009-01-01', '2300-12-30', 240.00, 1.26000, 3);
INSERT INTO nom_salario (idsalario, idgrupocomplejidad, idescalasalarial, fechaini, fechafin, salario, tarifa, orden) VALUES (1006, 1004, 1000, '2009-01-01', '2300-12-30', 250.00, 1.31000, 4);
INSERT INTO nom_salario (idsalario, idgrupocomplejidad, idescalasalarial, fechaini, fechafin, salario, tarifa, orden) VALUES (1005, 1005, 1000, '2009-01-01', '2300-12-30', 255.00, 1.34000, 5);
----------------------------------------
INSERT INTO nom_tipo_calificador (idtipocalificador, orden, fechaini, fechafin, denominacion, abreviatura) VALUES (1001, 1, '2009-01-01', '3000-05-05', 'Ramal', 'Ramal');
INSERT INTO nom_tipo_calificador (idtipocalificador, orden, fechaini, fechafin, denominacion, abreviatura) VALUES (1003, 1, '2009-01-01', '3000-05-05', 'Dirigentes', 'Dirigentes');
INSERT INTO nom_tipo_calificador (idtipocalificador, orden, fechaini, fechafin, denominacion, abreviatura) VALUES (1004, 1, '2009-01-01', '3000-05-05', 'Propio de la Entidad', 'Propio de la Entidad');
INSERT INTO nom_tipo_calificador (idtipocalificador, orden, fechaini, fechafin, denominacion, abreviatura) VALUES (1000, 1, '2009-01-01', '3000-05-05', 'Común', 'Común');
INSERT INTO nom_tipo_calificador (idtipocalificador, orden, fechaini, fechafin, denominacion, abreviatura) VALUES (1002, 1, '2009-01-01', '3000-05-05', 'Propio del organismo', 'Propio');
----------------------------------------
INSERT INTO nom_tipocifra (idtipocifra, dentipocifra, esdescargable, fechaini, fechafin, escifracargo, orden) VALUES (1000, 'Plantilla Fija', false, '2009-01-01', '3000-05-05', false, 1);
INSERT INTO nom_tipocifra (idtipocifra, dentipocifra, esdescargable, fechaini, fechafin, escifracargo, orden) VALUES (1002, 'Eventual', false, '2009-01-01', '3000-05-05', false, 2);
----------------------------------------
INSERT INTO nom_clasificacion_cargo (idclasificacion, denominacion, orden, fechaini, fechafin) VALUES (1004, 'Administrativa', 1, '2009-01-01', '2300-12-30');
INSERT INTO nom_clasificacion_cargo (idclasificacion, denominacion, orden, fechaini, fechafin) VALUES (1005, 'Apoyo', 2, '2009-01-01', '2300-12-30');
INSERT INTO nom_clasificacion_cargo (idclasificacion, denominacion, orden, fechaini, fechafin) VALUES (1000, 'Ejecutiva', 3, '2009-01-01', '2300-12-30');
INSERT INTO nom_clasificacion_cargo (idclasificacion, denominacion, orden, fechaini, fechafin) VALUES (1002, 'Productiva', 4, '2009-01-01', '2300-12-30');
INSERT INTO nom_clasificacion_cargo (idclasificacion, denominacion, orden, fechaini, fechafin) VALUES (1001, 'General', 5, '2009-01-01', '2300-12-30');
----------------------------------------
INSERT INTO nom_categocup (idcategocup, dencategocup, orden, fechaini, fechafin, abreviatura) VALUES (1000, 'Administrativo', 1, '2009-01-01', '2300-12-30', ' A');
INSERT INTO nom_categocup (idcategocup, dencategocup, orden, fechaini, fechafin, abreviatura) VALUES (1002, 'Servicios', 2, '2009-01-01', '2300-12-30', ' S');
INSERT INTO nom_categocup (idcategocup, dencategocup, orden, fechaini, fechafin, abreviatura) VALUES (1004, 'Tecnicos', 3, '2009-01-01', '2300-12-30', ' T');
INSERT INTO nom_categocup (idcategocup, dencategocup, orden, fechaini, fechafin, abreviatura) VALUES (1003, 'Operarios', 4, '2009-01-01', '2300-12-30', ' O');
INSERT INTO nom_categocup (idcategocup, dencategocup, orden, fechaini, fechafin, abreviatura) VALUES (1005, 'Dirigentes', 5, '2009-01-01', '2300-12-30', ' D');
----------------------------------------
INSERT INTO nom_categcivil (idcategcivil, dencategcivil, abrevcategcivil, orden, fechaini, fechafin, essueldo) VALUES (1000, 'Jefe de Brigada', 'Jefe de Brigada', 1, '2009-01-01', '2300-12-30', 1);
INSERT INTO nom_categcivil (idcategcivil, dencategcivil, abrevcategcivil, orden, fechaini, fechafin, essueldo) VALUES (1006, 'Jefe de Turno', 'Jefe de Turno', 2, '2009-01-01', '2300-12-30', 1);
INSERT INTO nom_categcivil (idcategcivil, dencategcivil, abrevcategcivil, orden, fechaini, fechafin, essueldo) VALUES (1007, 'Espec. Principal', 'Esp. Principal', 55, '2009-01-01', '2300-12-30', 1);
----------------------------------------
INSERT INTO nom_calificador_cargo (idcalificador, denominacion, abreviatura, fechaini, fechafin, orden, idtipocalificador, codigo, idcategocup) VALUES (1002, 'Común de Servicios', 'Común de Servicios', '2009-01-01', '2300-12-30', 1, 1001, '103/2005', 1002);
INSERT INTO nom_calificador_cargo (idcalificador, denominacion, abreviatura, fechaini, fechafin, orden, idtipocalificador, codigo, idcategocup) VALUES (1000, 'Común Administrativas', 'Común Administrativas', '2009-01-01', '2300-12-30', 2, 1001, '105/2005', 1000);
INSERT INTO nom_calificador_cargo (idcalificador, denominacion, abreviatura, fechaini, fechafin, orden, idtipocalificador, codigo, idcategocup) VALUES (1003, 'Común Operarios', 'Común Operarios', '2009-01-01', '2300-12-30', 3, 1001, '104/2005', 1003);
----------------------------------------
INSERT INTO nom_cargocivil (idcargociv, dencargociv, abrevcargociv, orden, fechaini, fechafin, idcategocup, codigo, descripcion, requisitos, idcalificador, idgrupocomplejidad, idnivelutilizacion, idespecialidad, idcategcivil) VALUES (100003, 'Jardinero', 'Jardinero', 3, '2009-01-01', '2300-12-30', 1003, '104/205', 'Realiza todo tipo de labores de mantenimiento de jardines, parques, paseos y parterre.Remueve la tierra y perfila el contorno de los canteros, corta el césped de las áreas verdes.Realiza poda a los distintos especies y variedades de plantas ornamentales.Efectúa Siembras, trasplantes y moteos de plantas ornamentales.Recoge los residuos de la poda y barre el área laborada.Hecha agua a las plantas con los diferentes métodos de riego.Realiza otras tareas de similar complejidad, según se requiera.', 'Graduado de Nivel Medio con Curso de Habilitación.', 1003, 1003, 1006, 1, NULL);
INSERT INTO nom_cargocivil (idcargociv, dencargociv, abrevcargociv, orden, fechaini, fechafin, idcategocup, codigo, descripcion, requisitos, idcalificador, idgrupocomplejidad, idnivelutilizacion, idespecialidad, idcategcivil) VALUES (100000, 'Ayudante', 'Ayudante', 1, '2009-01-01', '2300-12-30', 1003, '104/205', 'Monta y desmonta equipos de trabajo y herramientas.Friega, limpia y engrasa equipos de trabajo y herramientas.Corta, perfora y enrosca materiales a medida.Traslada, carga, desplaza, afila y desafila materiales, equipos y herramientas.Ranura, cava, apisona y separa materiales y productos.Carga y descarga mercancías y productos.Cose sacos de yute, nylon u otros. Envasa en sacos u otro tipo de envase.Pesa materiales, materias primas y productos terminados.Realiza conteo de productos que procesa o elabora.Envasa y traslada productos y materias primas.Coopera con otros puestos de trabajo.Realiza cualquiera otra tarea de similar naturaleza, según se requiera.', 'Haber aprobado Curso de Habilitación o Período de Adiestramiento', 1003, 1001, 1006, 1, NULL);
INSERT INTO nom_cargocivil (idcargociv, dencargociv, abrevcargociv, orden, fechaini, fechafin, idcategocup, codigo, descripcion, requisitos, idcalificador, idgrupocomplejidad, idnivelutilizacion, idespecialidad, idcategcivil) VALUES (100002, 'Cerrajero', 'Cerrajero', 2, '2009-01-01', '2300-12-30', 1003, '104/205', 'Abre, ajusta, monta y repara todo tipo de cerraduras.Cincela, lima, raspa y corrige inexactitudes.Junta las piezas y comprueba las cerraduras acabadas.Cambia las combinaciones de las cerraduras.Adapta llaves y cilindros en cualquier tipo de cerradura y sus mecanismos de cierre.Realiza cualquiera otra tarea de similar naturaleza, según se requiera.', 'Haber aprobado Curso de Habilitación o Período de Adiestramiento', 1003, 1003, 1006, 1, NULL);
----------------------------------------
INSERT INTO nom_filaestruc (idfila, idnomeav, dominio, idpadre, dominiofila) VALUES (100000001, 1, NULL, 100000001, '{1,0,0,0,0,0,0,0,0,0,0,0,0,0,0,0,0,0,0,0,0,0,0,0,0,0,0,0,0,0,0,0,0,0,0,0,0,0,0,0,0,0,0,0,0,0,0,0,0,0,0,0,0,0,0,0,0,0,0,0,0,0,0,0,0,0,0,0,0,0,0,0,0,0,0,0,0,0,0,0,0,0,0,0,0,0,0,0,0,0,0,0,0,0,0,0,0,0,0,0,0,0,0,0,0,0,0,0,0,0,0,0,0,0,0,0,0,0,0,0,0,0,0,0,0,0,0,0,0,0,0,0,0,0,0,0,0,0,0,0,0,0,0,0,0,0,0,0,0,0,0,0,0,0,0,0,0,0,0,0,0,0,0,0,0,0,0,0,0,0,0,0,0,0,0,0,0,0,0,0,0,0,0,0,0,0,0,0,0,0,0,0,0,0,0,0,0,0,0,0,0,0,0,0,0,0,0,0,0,0,0,0,0,0,0,0,0,0,0,0,0,0,0,0,0,0,0,0,0,0,0,0,0,0,0,0,0,0,0,0,0,0,0,0,0,0,0,0,0,0,0,0,0,0,0,0,0,0,0,0,0,0,0,0,0,0,0,0,0,0,0,0,0,0,0,0,0,0,0,0,0,0,0,0,0,0,0,0,0,0,0,0,0,0,0,0,0,0,0,0,0,0,0,0,0,0,0,0,0,0,0,0,0,0,0,0,0,0,0,0,0,0,0,0,0,0,0,0,0,0,0,0,0,0,0,0,0,0,0,0,0,0,0,0,0,0,0,0,0,0,0,0,0,0,0,0,0,0,0,0,0,0,0,0,0,0,0,0,0,0,0,0,0,0,0,0,0,0,0,0,0,0,0,0,0,0,0,0,0,0,0,0,0,0,0,0,0,0,0,0,0,0,0,0,0,0,0,0,0,0,0,0,0,0,0,0,0,0,0,0,0,0,0,0,0,0,0,0,0,0,0,0,0,0,0,0,0,0,0,0,0,0,0,0,0,0,0,0,0,0,0,0,0,0,0,0,0,0,0,0,0,0,0,0,0,0,0,0,0,0,0,0,0,0,0,0,0,0,0,0,0,0,0,0,0,0,0,0,0,0,0,0,0,0,0,0,0,0,0,0}');
----------------------------------------
INSERT INTO dat_estructura (idestructura, idprefijo, fechaini, fechafin, lft, rgt, denominacion, abreviatura, idnomeav, idpadre, idorgano, version, idnivelestr, idespecialidad, iddpa, codigo) VALUES (100000001, 1000, '2009-01-01', '3000-05-05', 1, 2, 'Estructura de instalación', 'EI', 1, 100000001, 1000, 1, 1000, 1, 1, '123');
----------------------------------------
--fin de la transaccion
COMMIT;                                                                                                                                                                                                                                                                                                                                                                                                                                                                                                                                                                                                                                                                                                                                                                                                                                                                                                                                                                                                                                                                                                                                                                                                                                                                                                                                                                                                                                                                                                                                                                                                                                                                                                                                                                                                                                                                                                                                                                                                                                                                                                                                                                                                                                                                                                                                                                                                                                                                                                                                                                                                                                                                                                                                                                                                                                                                                                                                                                                                                                                                                                                                                                                                                                                                                                                                                                                                                                                                                                                                                                                                                                                                                                                                                                                                                                                                                                                                                                                                                                                                                                                                                                                                                                                                                                                                                                                                                                                                                                                                                                                                                                                                                                                                                                                                                                                                                                                                                                                                                                                                                                                                                                                                                                                                                                                                                                                                                                                                                                                                                                                                                                                                                                                                                                                                                                                                                                                                                                                                                                                                                                                                                                                                                                                                                                                                                                                                                                                                                                                                                                                                                                                                                                                                                                                                                                                                                                                                                                                                                                                                                                                                                                                                                                                                                                                                                                                                                                                                                                                                                                                                                                                                                                                                                                                                                                                                                                                                                                                                                                                                                                                                                                                                                                                                                                                                                                                                                                                                                                                                                                                                                                                                                                                                                                                                                                                                                                                                                                                                                                                                                                                                                                                                                                                                                                                                                                                                                                                                                                                                                                                                                                                                                                                                                                                                                                                                                                                                                                                                                                                                                                                                                                                                                                                                                                                                                                                                                                                                                                                                                                                                                                                                                                                                                                                                                                                                                                                                                                                                                                                                                                                                                                                                                                                                                                                                                                                                                                                                                                                                                                                                                                                                                                                                                                                                                                                                                                                                                                                                                                                                                                                                                                                                                                                                                                                                                                                                                                                                                                                                                                                                                                                                                                                                                                                                                                                                                                                                                                                                                                                                                                                                                                                                                                                                                                                                                                                                                                                                                                                                                                                                                                                                                                                                                                                                                                                                                                                                                                                                                                                                                                                                                                                                                                                                                                                                                                                                                                                                                                                                                                                                                                                                                                                                                                                                                                                                                                                                                                                                                                                                                                                                                                                                                                                                                                                                                                                                                                                                                                                                                                                                                                                                                                                                                                                                                                                                                                                                                                                                                                                                                                                                                                                                                                                                                                                                                                                                                                                                                                                                                                                                                                                                                                                                                                                                                                                                                               